id,name,description,ingredients,instructions,image,recommended_season,optimal_time_to_enjoy,price,is_alcoholic,prompt
d8a75c12-7f49-4b21-a22c-93a6e1e23c8a,"Tropical Sunrise","A refreshing non-alcoholic cocktail that combines tropical flavors with a citrusy twist.","120 ml orange juice, 60 ml pineapple juice, 30 ml cranberry juice, 15 ml grenadine syrup, Ice as needed, Orange slice and cherry for garnish","In a tall glass, add ice halfway. Gently pour in the orange juice. Follow with the pineapple juice. Slowly pour the cranberry juice over the back of a spoon to create a top layer. Add the grenadine syrup to create the 'sunrise' effect. Stir lightly before serving. Garnish with an orange slice and a cherry.","/images/d8a75c12-7f49-4b21-a22c-93a6e1e23c8a.jpg","summer","day",12,false,"IMAGE_TYPE: Drink photography | GENRE: Refreshing Beverage | EMOTION: Invigorating | SCENE: A vibrant scene featuring the 'Tropical Sunrise' non-alcoholic cocktail. The cocktail is presented in a tall, elegant glass, showcasing its layered structure. The bright orange, pineapple, and cranberry layers blend harmoniously, reminiscent of a tropical dawn. A subtle swirl of grenadine adds a touch of artistry, while ice glistens in the sunlight. The glass is garnished with an orange slice and a cherry, offering a hint of the delightful flavors within. The backdrop features a serene outdoor setting, with lush greenery and a hint of sunlight filtering through. | ACTORS: None | LOCATION TYPE: Outdoor patio | CAMERA MODEL: Nikon D850 | CAMERA LENS: 50mm f/1.8 | SPECIAL EFFECTS: Sunlight filtering through leaves | TAGS: non-alcoholic cocktail, layered drink, tropical flavors, outdoor refreshment | TIME_OF_DAY: Daytime | INTERACTION: None | --ar 4:3"
b3f20d9b-ff43-41c1-9b20-16b554c24d7e,"Sparkling Citrus Breeze","A delightful blend of citrus flavors with a fizzy kick, perfect for a hot summer day.","90 ml fresh orange juice, 60 ml sparkling lemonade, 30 ml cranberry juice, 10 ml fresh lime juice, Ice as needed, Citrus slices for garnish","In a tall glass, combine fresh orange juice, sparkling lemonade, cranberry juice, and fresh lime juice. Add ice to fill the glass. Stir gently to combine the flavors. Garnish with slices of citrus fruits. Serve immediately.","/images/b3f20d9b-ff43-41c1-9b20-16b554c24d7e.jpg","summer","day",12,false,"IMAGE_TYPE: Drink photography | GENRE: Refreshing Beverage | EMOTION: Invigorating | SCENE: A captivating presentation of the 'Sparkling Citrus Breeze' non-alcoholic cocktail. The drink, a blend of vibrant citrus flavors, is elegantly displayed in a tall glass. The sparkling lemonade creates effervescent bubbles that dance among the orange and cranberry juices. A slice of fresh lime adds a tangy twist, while ice cools the drink. The scene is set against a backdrop of sunny blue skies, invoking the essence of a relaxing summer day. | ACTORS: None | LOCATION TYPE: Outdoor patio | CAMERA MODEL: Canon EOS Rebel T7i | CAMERA LENS: 50mm f/1.8 | SPECIAL EFFECTS: Sunlight and bubbles | TAGS: citrus beverage, refreshing drink, summer quencher, outdoor enjoyment | TIME_OF_DAY: Daytime | INTERACTION: None | --ar 4:3"
87bf78d6-24a5-4b8b-9eb3-39ef4e916a4e,"Minty Cucumber Splash","A rejuvenating concoction of cucumber and mint, creating a crisp and cooling experience.","100 ml fresh cucumber juice, 10-12 fresh mint leaves, 30 ml lime juice, 15 ml simple syrup, Soda water, Ice as needed, Cucumber slices and mint sprigs for garnish","In a shaker, muddle fresh mint leaves. Add fresh cucumber juice, lime juice, and simple syrup. Fill the shaker with ice and shake well. Strain the mixture into a glass filled with ice. Top up with soda water. Garnish with cucumber slices and sprigs of mint. Stir gently before enjoying.","/images/87bf78d6-24a5-4b8b-9eb3-39ef4e916a4e.jpg","summer","day",12,false,"IMAGE_TYPE: Drink photography | GENRE: Refreshing Beverage | EMOTION: Revitalizing | SCENE: An invigorating scene showcasing the 'Minty Cucumber Splash' non-alcoholic cocktail. The drink is presented in a tall glass, filled with the refreshing blend of cucumber and mint. The vibrant green hues evoke a sense of coolness and relaxation. The glass glistens with condensation in the warm daylight. Cucumber slices and fresh mint sprigs adorn the rim, adding to the visual appeal. The backdrop features a tranquil outdoor setting, with lush green surroundings and dappled sunlight. | ACTORS: None | LOCATION TYPE: Garden patio | CAMERA MODEL: Sony Alpha a7 III | CAMERA LENS: 50mm f/1.8 | SPECIAL EFFECTS: Sunlit highlights | TAGS: cucumber-mint blend, revitalizing mocktail, garden relaxation, outdoor refreshment | TIME_OF_DAY: Daytime | INTERACTION: None | --ar 4:3"
3d7cb937-82d3-41b5-97fb-c97df684df85,Crisp Apple Fizz,"A delightful blend of fresh apple flavors with a fizzy twist, perfect for any occasion.","150 ml fresh apple juice, 30 ml sparkling water, 15 ml lemon juice, 10 ml honey or agave syrup, Ice as needed, Apple slice and mint sprig for garnish","In a glass, combine fresh apple juice, sparkling water, lemon juice, and honey or agave syrup. Add ice and stir gently to mix. Garnish with a slice of apple and a sprig of mint. Enjoy the refreshing and crisp flavors of the 'Crisp Apple Fizz' cocktail.","/images/3d7cb937-82d3-41b5-97fb-c97df684df85.jpg","fall","day",12,false,"IMAGE_TYPE: Drink photography | GENRE: Refreshing Beverage | EMOTION: Invigorating | SCENE: A lively scene featuring the 'Crisp Apple Fizz' non-alcoholic cocktail. The drink captures the essence of fall with its fresh apple flavors and effervescent sparkle. The glass is filled with the golden hue of apple juice, complemented by the subtle bubbles of sparkling water. A slice of apple and a sprig of mint lend a touch of elegance to the presentation. The scene is set against a backdrop of autumn leaves, creating a warm and inviting atmosphere. | ACTORS: None | LOCATION TYPE: Outdoor garden | CAMERA MODEL: Nikon Z6 | CAMERA LENS: 50mm f/1.8 | SPECIAL EFFECTS: Autumn foliage | TAGS: apple mocktail, fizzy blend, fall refreshment, outdoor enjoyment | TIME_OF_DAY: Anytime | INTERACTION: None | --ar 4:3"
a6e08dca-18a3-43b2-a3b0-7b73f202e76c,Blueberry Lemonade Fizz,"A burst of blueberry goodness combined with zesty lemonade and fizzy soda to quench your thirst.","100 ml blueberry juice, 50 ml fresh lemon juice, 20 ml simple syrup, Soda water, Ice as needed, Fresh blueberries and lemon slice for garnish","In a glass, mix blueberry juice, fresh lemon juice, and simple syrup. Add ice and stir gently to combine. Top up with soda water for a fizzy lift. Garnish with fresh blueberries and a lemon slice. Sip and enjoy the delightful 'Blueberry Lemonade Fizz' cocktail.","/images/a6e08dca-18a3-43b2-a3b0-7b73f202e76c.jpg","summer","day",12,false,"IMAGE_TYPE: Drink photography | GENRE: Refreshing Beverage | EMOTION: Invigorating | SCENE: A refreshing scene featuring the 'Blueberry Lemonade Fizz' non-alcoholic cocktail. The drink boasts a beautiful blend of blueberry juice and zesty lemonade, creating a harmonious balance of flavors. The glass is filled with the vibrant blue hue of the beverage, accentuated by the effervescence of soda water. Fresh blueberries and a lemon slice garnish the glass, inviting a delightful sip. The backdrop features a sunny outdoor setting, with a hint of greenery and the blue sky above. | ACTORS: None | LOCATION TYPE: Outdoor patio | CAMERA MODEL: Canon EOS 6D Mark II | CAMERA LENS: 50mm f/1.8 | SPECIAL EFFECTS: Sunlight and bubbles | TAGS: blueberry lemonade, fruity mocktail, summer quencher, outdoor enjoyment | TIME_OF_DAY: Daytime | INTERACTION: None | --ar 4:3"
28d4b3f1-50de-43d2-bab1-8b98985c9969,Classic Mojito,"A refreshing and timeless cocktail that combines the zesty flavors of lime and mint with the kick of rum.","50 ml white rum, 30 ml fresh lime juice, 15 ml simple syrup, 8-10 fresh mint leaves, Soda water, Ice as needed, Lime wedge and mint sprig for garnish","In a glass, muddle fresh mint leaves and simple syrup. Add rum and fresh lime juice. Fill the glass with ice and top up with soda water. Gently stir to combine. Garnish with a lime wedge and a sprig of mint. Savor the classic 'Mojito' cocktail.","/images/28d4b3f1-50de-43d2-bab1-8b98985c9969.jpg","summer","evening",18,true,"IMAGE_TYPE: Drink photography | GENRE: Classic Cocktail | EMOTION: Refreshing | SCENE: A timeless scene featuring the 'Classic Mojito' cocktail. The drink embodies the perfect balance of flavors with its blend of white rum, fresh lime juice, and invigorating mint leaves. The glass is garnished with a lime wedge and a sprig of mint, adding to its visual appeal. The backdrop features a sophisticated bar setting with dimmed lighting, creating an ambiance of relaxation and enjoyment. | ACTORS: Bartender | LOCATION TYPE: Bar | CAMERA MODEL: Canon EOS 5D Mark III | CAMERA LENS: 50mm f/1.8 | SPECIAL EFFECTS: Dimmed bar lights | TAGS: mojito, classic cocktail, lime and mint, bar scene | TIME_OF_DAY: Evening | INTERACTION: None | --ar 4:3"
df45265d-3c97-4e22-9b28-dfe286a29a94,Spicy Margarita,"An intriguing twist on the classic Margarita, featuring a spicy kick of chili and the tang of tequila.","60 ml tequila, 30 ml fresh lime juice, 15 ml triple sec, 10 ml agave syrup, 2 slices of fresh chili pepper, Salt and chili powder for rimming, Ice as needed, Lime wheel for garnish","In a shaker, muddle slices of fresh chili pepper. Add tequila, fresh lime juice, triple sec, and agave syrup. Fill the shaker with ice and shake well. Strain into a glass rimmed with a mixture of salt and chili powder. Add ice and garnish with a lime wheel. Enjoy the spicy allure of the 'Spicy Margarita' cocktail.","/images/df45265d-3c97-4e22-9b28-dfe286a29a94.jpg","summer","evening",18,true,"IMAGE_TYPE: Drink photography | GENRE: Contemporary Cocktail | EMOTION: Exciting | SCENE: An alluring scene featuring the 'Spicy Margarita' cocktail. The drink adds a unique twist to the classic Margarita by incorporating slices of fresh chili pepper for a bold and spicy flavor. The glass is elegantly rimmed with a mixture of salt and chili powder, hinting at the exciting taste experience. The backdrop features a modern cocktail bar, with a warm and inviting ambiance. Dimmed lights add to the intrigue of the scene. | ACTORS: Bartender, Patrons | LOCATION TYPE: Cocktail Bar | CAMERA MODEL: Nikon Z7 | CAMERA LENS: 50mm f/1.8 | SPECIAL EFFECTS: Warm bar lights | TAGS: margarita variation, spicy cocktail, contemporary bar, vibrant atmosphere | TIME_OF_DAY: Evening | INTERACTION: None | --ar 4:3"
7e97731a-9f6e-42b0-bf20-8305f642f82f,Bloody Mary,"A classic brunch cocktail with a zesty tomato base, vodka, and a blend of savory spices.","50 ml vodka, 120 ml tomato juice, 15 ml fresh lemon juice, 1 dash Worcestershire sauce, 1 dash hot sauce, Salt and pepper to taste, Celery stick and lemon wedge for garnish","In a shaker, combine vodka, tomato juice, fresh lemon juice, Worcestershire sauce, and hot sauce. Add a pinch of salt and pepper. Fill the shaker with ice and shake well. Strain into a glass filled with ice. Garnish with a celery stick and a lemon wedge. Enjoy the classic 'Bloody Mary' cocktail.","/images/7e97731a-9f6e-42b0-bf20-8305f642f82f.jpg","spring","brunch",18,true,"IMAGE_TYPE: Drink photography | GENRE: Classic Cocktail | EMOTION: Savory | SCENE: A classic scene featuring the 'Bloody Mary' cocktail. The drink, a beloved brunch companion, is presented with its distinctive red hue and savory flavors. The glass is garnished with a celery stick and a lemon wedge, adding to its traditional presentation. The backdrop features a cozy brunch setting, with a rustic wooden table and soft morning light. The scene exudes comfort and relaxation. | ACTORS: None | LOCATION TYPE: Brunch spot | CAMERA MODEL: Canon EOS 5D Mark IV | CAMERA LENS: 50mm f/1.8 | SPECIAL EFFECTS: Soft morning light | TAGS: bloody mary, brunch cocktail, tomato base, cozy morning | TIME_OF_DAY: Morning | INTERACTION: None | --ar 4:3"
a9866e1c-534f-4fe2-9a2f-ae3c7a74b1f3,Cosmopolitan,"A chic and elegant cocktail that harmoniously blends vodka, cranberry juice, triple sec, and a touch of citrus.","45 ml vodka, 30 ml cranberry juice, 15 ml triple sec, 15 ml fresh lime juice, Lime twist for garnish","In a shaker, combine vodka, cranberry juice, triple sec, and fresh lime juice. Fill the shaker with ice and shake until well chilled. Strain into a chilled martini glass. Garnish with a twist of lime. Sip and savor the sophistication of the 'Cosmopolitan' cocktail.","/images/a9866e1c-534f-4fe2-9a2f-ae3c7a74b1f3.jpg","spring","evening",18,true,"IMAGE_TYPE: Drink photography | GENRE: Classic Cocktail | EMOTION: Sophisticated | SCENE: An elegant scene featuring the 'Cosmopolitan' cocktail. The drink, a symbol of sophistication, is presented in a classic martini glass with its pink hue and citrusy aroma. A twist of lime adds a touch of visual appeal. The backdrop features a chic cocktail lounge with a stylish and refined atmosphere. Dimmed lights and a hint of glamour complete the scene. | ACTORS: Patrons, Bartender | LOCATION TYPE: Cocktail Lounge | CAMERA MODEL: Sony Alpha a7R III | CAMERA LENS: 50mm f/1.8 | SPECIAL EFFECTS: Dimmed lounge lights | TAGS: cosmopolitan, chic cocktail, cocktail lounge, elegance | TIME_OF_DAY: Evening | INTERACTION: None | --ar 4:3"
c4183941-1076-40c5-84f7-6dd738b5d926,Old Fashioned,"A classic cocktail that brings together bourbon, sugar, bitters, and a twist of orange for a timeless flavor.","60 ml bourbon, 1 sugar cube, 2 dashes Angostura bitters, Orange twist for garnish, Ice as needed","In a glass, muddle the sugar cube with a few drops of water. Add Angostura bitters and bourbon. Fill the glass with ice and stir gently to mix. Express the oils from an orange twist over the glass, then drop it in. Enjoy the nostalgic charm of the 'Old Fashioned' cocktail.","/images/c4183941-1076-40c5-84f7-6dd738b5d926.jpg","fall","evening",18,true,"IMAGE_TYPE: Drink photography | GENRE: Classic Cocktail | EMOTION: Nostalgic | SCENE: A vintage scene featuring the 'Old Fashioned' cocktail. The drink, a timeless classic, exudes a sense of nostalgia with its combination of bourbon, sugar, and bitters. The glass is garnished with an orange twist, adding a burst of citrus aroma. The backdrop features a cozy corner of a vintage lounge, creating an ambiance reminiscent of bygone eras. | ACTORS: None | LOCATION TYPE: Vintage Lounge | CAMERA MODEL: Nikon D750 | CAMERA LENS: 50mm f/1.8 | SPECIAL EFFECTS: Warm vintage lighting | TAGS: old fashioned, classic cocktail, vintage lounge, nostalgic atmosphere | TIME_OF_DAY: Evening | INTERACTION: None | --ar 4:3"
2d4f5b26-0629-4e19-b662-6ad1e7ecfc6d,Mai Tai,"A tropical delight that combines the flavors of rum, citrus, and almond.","45 ml white rum, 30 ml dark rum, 30 ml fresh lime juice, 15 ml orange curaçao, 15 ml orgeat syrup, Ice as needed, Pineapple wedge and cherry for garnish","In a shaker, combine white rum, fresh lime juice, orange curaçao, and orgeat syrup. Fill the shaker with ice and shake well. Strain into a glass filled with ice. Float dark rum on top by pouring it gently over the back of a spoon. Garnish with a pineapple wedge and a cherry. Enjoy the tropical goodness of the 'Mai Tai' cocktail.","/images/2d4f5b26-0629-4e19-b662-6ad1e7ecfc6d.jpg","summer","evening",18,true,"IMAGE_TYPE: Drink photography | GENRE: Tropical Cocktail | EMOTION: Exotic | SCENE: A tropical oasis featuring the 'Mai Tai' cocktail. The drink transports you to a faraway beach with its blend of rums, citrus, and almond flavors. The glass is adorned with a pineapple wedge and a cherry, capturing the essence of a tropical escape. The backdrop features a sunset-lit beach with swaying palm trees and the soothing sound of waves. | ACTORS: None | LOCATION TYPE: Beach resort | CAMERA MODEL: Canon EOS R | CAMERA LENS: 50mm f/1.8 | SPECIAL EFFECTS: Sunset glow | TAGS: mai tai, tropical cocktail, beach escape, exotic flavors | TIME_OF_DAY: Evening | INTERACTION: None | --ar 4:3"
b5a5d42d-b406-4d98-8c15-876c888dd94c,Whiskey Sour,"A classic cocktail that balances the richness of whiskey with the tang of fresh lemon juice.","60 ml whiskey, 30 ml fresh lemon juice, 15 ml simple syrup, Lemon twist and cherry for garnish, Ice as needed","In a shaker, combine whiskey, fresh lemon juice, and simple syrup. Fill the shaker with ice and shake until well chilled. Strain into a glass filled with ice. Garnish with a twist of lemon and a cherry. Savor the harmonious blend of flavors in the 'Whiskey Sour' cocktail.","/images/b5a5d42d-b406-4d98-8c15-876c888dd94c.jpg","fall","evening",18,true,"IMAGE_TYPE: Drink photography | GENRE: Classic Cocktail | EMOTION: Refined | SCENE: A classic scene featuring the 'Whiskey Sour' cocktail. The drink, known for its timeless appeal, strikes a balance between whiskey's depth and the zesty tang of lemon. The glass is garnished with a twist of lemon and a cherry, adding a touch of elegance. The backdrop features a sophisticated lounge with plush seating and soft lighting, setting the stage for relaxation. | ACTORS: Patrons, Bartender | LOCATION TYPE: Lounge | CAMERA MODEL: Sony Alpha a7 III | CAMERA LENS: 50mm f/1.8 | SPECIAL EFFECTS: Soft lounge lights | TAGS: whiskey sour, classic cocktail, refined lounge, timeless elegance | TIME_OF_DAY: Evening | INTERACTION: None | --ar 4:3"
61db0e4a-129f-4d19-9d4b-79259b4d11d6,Espresso Martini,"A delightful blend of vodka, coffee liqueur, and freshly brewed espresso for a caffeine-infused twist.","45 ml vodka, 30 ml coffee liqueur, 30 ml freshly brewed espresso, 10 ml simple syrup, Coffee beans for garnish, Ice as needed","In a shaker, combine vodka, coffee liqueur, freshly brewed espresso, and simple syrup. Fill the shaker with ice and shake vigorously. Strain into a chilled martini glass. Garnish with a few coffee beans on top. Enjoy the rich and invigorating 'Espresso Martini' cocktail.","/images/61db0e4a-129f-4d19-9d4b-79259b4d11d6.jpg","summer","evening",18,true,"IMAGE_TYPE: Drink photography | GENRE: Contemporary Cocktail | EMOTION: Energizing | SCENE: An invigorating scene featuring the 'Espresso Martini' cocktail. The drink combines the richness of coffee liqueur and freshly brewed espresso with the kick of vodka. The glass glistens with the dark hue of the cocktail, accentuated by the coffee beans on top. The backdrop features a modern coffee bar, creating an atmosphere of energy and excitement. | ACTORS: Barista | LOCATION TYPE: Coffee Bar | CAMERA MODEL: Nikon Z6 | CAMERA LENS: 50mm f/1.8 | SPECIAL EFFECTS: Coffee bar ambiance | TAGS: espresso martini, coffee-infused cocktail, modern coffee bar, energizing blend | TIME_OF_DAY: Evening | INTERACTION: None | --ar 4:3"
dc6aaae5-ae8b-4e44-8e08-7c4b2070bea4,Raspberry Vodka Lemonade,"A vibrant and fruity cocktail that brings together the sweetness of raspberries, the zing of lemonade, and the kick of vodka.","60 ml raspberry vodka, 30 ml fresh lemon juice, 15 ml simple syrup, Handful of fresh raspberries, Lemon slice and mint sprig for garnish, Ice as needed","In a shaker, muddle fresh raspberries with simple syrup. Add raspberry vodka and fresh lemon juice. Fill the shaker with ice and shake well. Strain into a glass filled with ice. Garnish with a lemon slice and a sprig of mint. Indulge in the delightful 'Raspberry Vodka Lemonade' cocktail.","/images/dc6aaae5-ae8b-4e44-8e08-7c4b2070bea4.jpg","summer","day",18,true,"IMAGE_TYPE: Drink photography | GENRE: Fruity Cocktail | EMOTION: Vibrant | SCENE: A vibrant scene featuring the 'Raspberry Vodka Lemonade' cocktail. The drink combines the vibrant hues of raspberries and the zing of lemonade, enhanced by the kick of raspberry vodka. The glass is garnished with a lemon slice and a sprig of mint, creating a visually appealing presentation. The backdrop features a sunny outdoor setting, evoking the joys of summer. | ACTORS: None | LOCATION TYPE: Patio | CAMERA MODEL: Canon EOS 80D | CAMERA LENS: 50mm f/1.8 | SPECIAL EFFECTS: Sunlit atmosphere | TAGS: raspberry vodka lemonade, fruity cocktail, summer enjoyment, outdoor refreshment | TIME_OF_DAY: Daytime | INTERACTION: None | --ar 4:3"
d2a9c499-2bc3-4eb3-9e67-6c37ef7d7e8b,Chocolate Martini,"A decadent cocktail that combines the richness of chocolate with the velvety smoothness of vodka.","45 ml vodka, 30 ml chocolate liqueur, 15 ml cream or milk, Chocolate shavings for garnish, Ice as needed","In a shaker, combine vodka, chocolate liqueur, and cream or milk. Fill the shaker with ice and shake until well chilled. Strain into a chilled martini glass. Garnish with a sprinkle of chocolate shavings. Indulge in the luxurious 'Chocolate Martini' cocktail.","/images/d2a9c499-2bc3-4eb3-9e67-6c37ef7d7e8b.jpg","spring","evening",18,true,"IMAGE_TYPE: Drink photography | GENRE: Decadent Cocktail | EMOTION: Indulgent | SCENE: A scene of indulgence featuring the 'Chocolate Martini' cocktail. The drink combines the allure of chocolate with the sophistication of a martini. The glass is elegantly presented with a sprinkle of chocolate shavings, promising a decadent experience. The backdrop features a luxurious lounge setting, creating an ambiance of relaxation and opulence. | ACTORS: Patrons, Bartender | LOCATION TYPE: Luxury Lounge | CAMERA MODEL: Sony Alpha a7R IV | CAMERA LENS: 50mm f/1.8 | SPECIAL EFFECTS: Luxurious lounge setting | TAGS: chocolate martini, indulgent cocktail, luxury lounge, opulent relaxation | TIME_OF_DAY: Evening | INTERACTION: None | --ar 4:3"
9bf1b68e-63b5-47f7-8ca5-3ebc09c1b546,Amaretto Sour,"A delightful blend of sweet amaretto, zesty lemon juice, and a touch of sweetness.","45 ml amaretto liqueur, 30 ml fresh lemon juice, 15 ml simple syrup, Lemon twist and cherry for garnish, Ice as needed","In a shaker, combine amaretto liqueur, fresh lemon juice, and simple syrup. Fill the shaker with ice and shake until well chilled. Strain into a glass filled with ice. Garnish with a twist of lemon and a cherry. Enjoy the balanced flavors of the 'Amaretto Sour' cocktail.","/images/9bf1b68e-63b5-47f7-8ca5-3ebc09c1b546.jpg","spring","evening",18,true,"IMAGE_TYPE: Drink photography | GENRE: Classic Cocktail | EMOTION: Sweet and Sour | SCENE: A scene of balance featuring the 'Amaretto Sour' cocktail. The drink combines the sweetness of amaretto with the zesty tang of lemon juice, creating a harmonious flavor profile. The glass is garnished with a twist of lemon and a cherry, enhancing its visual appeal. The backdrop features a cozy lounge setting with warm lighting, inviting relaxation and enjoyment. | ACTORS: Patrons, Bartender | LOCATION TYPE: Lounge | CAMERA MODEL: Canon EOS 6D Mark II | CAMERA LENS: 50mm f/1.8 | SPECIAL EFFECTS: Warm lounge lights | TAGS: amaretto sour, balanced cocktail, cozy lounge, sweet and sour blend | TIME_OF_DAY: Evening | INTERACTION: None | --ar 4:3"
79a010e6-2d15-447e-89af-2b2d3b33f7ab,Long Island Iced Tea,"A potent yet refreshing mix of vodka, rum, gin, tequila, triple sec, sour mix, and cola.","15 ml vodka, 15 ml rum, 15 ml gin, 15 ml tequila, 15 ml triple sec, 30 ml fresh lemon juice, 15 ml simple syrup, Cola, Lemon wheel for garnish, Ice as needed","In a shaker, combine vodka, rum, gin, tequila, triple sec, fresh lemon juice, and simple syrup. Fill the shaker with ice and shake well. Strain into a glass filled with ice. Top up with cola. Garnish with a lemon wheel. Sip and experience the boldness of the 'Long Island Iced Tea' cocktail.","/images/79a010e6-2d15-447e-89af-2b2d3b33f7ab.jpg","fall","evening",18,true,"IMAGE_TYPE: Drink photography | GENRE: Potent Cocktail | EMOTION: Refreshing | SCENE: A scene of mixed spirits featuring the 'Long Island Iced Tea' cocktail. The drink is known for its potent blend of vodka, rum, gin, tequila, and triple sec, balanced by the freshness of lemon juice and cola. The glass is garnished with a lemon wheel, adding a touch of color. The backdrop features a bustling bar environment, capturing the energy of a lively night out. | ACTORS: Patrons, Bartender | LOCATION TYPE: Bar | CAMERA MODEL: Sony Alpha a7 III | CAMERA LENS: 50mm f/1.8 | SPECIAL EFFECTS: Dynamic bar atmosphere | TAGS: long island iced tea, mixed spirits, bustling bar, potent blend | TIME_OF_DAY: Evening | INTERACTION: None | --ar 4:3"
f83d468f-7074-4e17-9563-1db5da39db0a,Black Russian,"A simple yet bold cocktail that combines the richness of coffee liqueur with the smoothness of vodka.","45 ml vodka, 30 ml coffee liqueur, Coffee beans for garnish, Ice as needed","In a glass, fill with ice. Pour in vodka and coffee liqueur. Stir gently to mix. Garnish with a few coffee beans. Savor the simplicity and boldness of the 'Black Russian' cocktail.","/images/f83d468f-7074-4e17-9563-1db5da39db0a.jpg","fall","evening",18,true,"IMAGE_TYPE: Drink photography | GENRE: Classic Cocktail | EMOTION: Bold | SCENE: A scene of simplicity featuring the 'Black Russian' cocktail. The drink combines the rich flavors of coffee liqueur with the smoothness of vodka. The glass is adorned with a few coffee beans, adding an aromatic touch. The backdrop features a cozy lounge setting, creating an ambiance of relaxation and enjoyment. | ACTORS: Patrons, Bartender | LOCATION TYPE: Lounge | CAMERA MODEL: Nikon D750 | CAMERA LENS: 50mm f/1.8 | SPECIAL EFFECTS: Warm lounge lights | TAGS: black russian, classic cocktail, cozy lounge, bold flavors | TIME_OF_DAY: Evening | INTERACTION: None | --ar 4:3"
fad9819d-856d-4580-bdc2-4dbbb943012f,Boulevardier,"A sophisticated cocktail that marries the flavors of bourbon, sweet vermouth, and Campari.","60 ml bourbon, 30 ml sweet vermouth, 30 ml Campari, Orange twist for garnish, Ice as needed","In a mixing glass, combine bourbon, sweet vermouth, and Campari. Fill the glass with ice and stir until well chilled. Strain into a glass filled with ice. Express the oils from an orange twist over the drink and drop it in. Sip and appreciate the complex notes of the 'Boulevardier' cocktail.","/images/fad9819d-856d-4580-bdc2-4dbbb943012f.jpg","spring","evening",18,true,"IMAGE_TYPE: Drink photography | GENRE: Classic Cocktail | EMOTION: Refined | SCENE: A scene of refinement featuring the 'Boulevardier' cocktail. The drink captures the essence of sophistication with its blend of bourbon, sweet vermouth, and Campari. The glass is adorned with an orange twist, adding a touch of visual appeal. The backdrop features a classy lounge setting with dimmed lighting, setting the stage for a refined experience. | ACTORS: Patrons, Bartender | LOCATION TYPE: Lounge | CAMERA MODEL: Canon EOS 5D Mark IV | CAMERA LENS: 50mm f/1.8 | SPECIAL EFFECTS: Dimmed lounge lights | TAGS: boulevardier, classic cocktail, classy lounge, refined atmosphere | TIME_OF_DAY: Evening | INTERACTION: None | --ar 4:3"
ad9e5a5c-c9c0-4d3c-997d-9e67456c2eaa,Fruit Punch,"A refreshing and fruity blend of various juices and fresh fruits.","120 ml orange juice, 120 ml pineapple juice, 60 ml cranberry juice, 30 ml lemon juice, Assorted fresh fruits (such as berries, orange slices, and pineapple chunks), Soda water, Ice as needed","In a pitcher, combine orange juice, pineapple juice, cranberry juice, and lemon juice. Add assorted fresh fruits to the pitcher. Fill glasses with ice and pour the juice mixture over the ice. Top up with soda water. Stir gently to combine. Garnish with a slice of orange and a berry. Enjoy the vibrant flavors of the 'Fruit Punch' cocktail.","/images/ad9e5a5c-c9c0-4d3c-997d-9e67456c2eaa.jpg","summer","day",12,false,"IMAGE_TYPE: Drink photography | GENRE: Fruity Mocktail | EMOTION: Refreshing | SCENE: A refreshing scene featuring the 'Fruit Punch' cocktail. The drink combines a medley of juices and fresh fruits, evoking the essence of a sunny day. The glass overflows with colorful fruits, creating a visually appealing presentation. The backdrop features a picnic setting in a lush park, providing a sense of outdoor relaxation and enjoyment. | ACTORS: None | LOCATION TYPE: Park | CAMERA MODEL: Nikon D5600 | CAMERA LENS: 50mm f/1.8 | SPECIAL EFFECTS: Sunlit park scene | TAGS: fruit punch, fruity mocktail, picnic enjoyment, vibrant flavors | TIME_OF_DAY: Daytime | INTERACTION: None | --ar 4:3"
c9abda3a-2455-4b7c-b90a-05a9a2e7129a,Virgin Mojito,"A non-alcoholic version of the classic Mojito, combining mint, lime, and soda water.","8-10 fresh mint leaves, 1 lime (cut into wedges), 15 ml simple syrup, Soda water, Ice as needed","In a glass, muddle fresh mint leaves and lime wedges. Add simple syrup and fill the glass with ice. Top up with soda water and stir gently to combine. Garnish with a sprig of mint. Savor the invigorating flavors of the 'Virgin Mojito' cocktail.","/images/c9abda3a-2455-4b7c-b90a-05a9a2e7129a.jpg","summer","day",12,false,"IMAGE_TYPE: Drink photography | GENRE: Refreshing Mocktail | EMOTION: Invigorating | SCENE: An invigorating scene featuring the 'Virgin Mojito' cocktail. The drink offers a non-alcoholic twist on the classic Mojito, combining the freshness of mint and lime with the effervescence of soda water. The glass is garnished with a sprig of mint, enhancing its visual appeal. The backdrop features a breezy patio setting, perfect for daytime relaxation. | ACTORS: None | LOCATION TYPE: Patio | CAMERA MODEL: Canon EOS M50 | CAMERA LENS: 50mm f/1.8 | SPECIAL EFFECTS: Breezy patio atmosphere | TAGS: virgin mojito, refreshing mocktail, patio relaxation, invigorating flavors | TIME_OF_DAY: Daytime | INTERACTION: None | --ar 4:3"
7e43d9c3-8c97-49a2-aee6-c1a9d40616db,Sparkling Lemonade,"A sparkling and zesty lemonade made with freshly squeezed lemon juice and soda water.","120 ml fresh lemon juice, 60 ml simple syrup, Soda water, Lemon slice and mint sprig for garnish, Ice as needed","In a pitcher, combine fresh lemon juice and simple syrup. Fill glasses with ice and pour the lemon mixture over the ice. Top up with soda water. Stir gently to combine. Garnish with a slice of lemon and a sprig of mint. Enjoy the effervescent 'Sparkling Lemonade' cocktail.","/images/7e43d9c3-8c97-49a2-aee6-c1a9d40616db.jpg","summer","day",12,false,"IMAGE_TYPE: Drink photography | GENRE: Sparkling Mocktail | EMOTION: Zesty | SCENE: A scene of zest featuring the 'Sparkling Lemonade' cocktail. The drink combines the tanginess of fresh lemon juice with the effervescence of soda water, creating a lively and refreshing experience. The glass is garnished with a slice of lemon and a sprig of mint, adding a touch of color. The backdrop features a sunny garden setting, evoking the joy of a sunny day. | ACTORS: None | LOCATION TYPE: Garden | CAMERA MODEL: Sony Alpha a6400 | CAMERA LENS: 50mm f/1.8 | SPECIAL EFFECTS: Sunlit garden atmosphere | TAGS: sparkling lemonade, zesty mocktail, garden enjoyment, effervescent blend | TIME_OF_DAY: Daytime | INTERACTION: None | --ar 4:3"
33d37d4d-0b02-4ecb-8c1a-3ca7ebdf1611,Blueberry Smash,"A berry-infused mocktail featuring blueberries, mint, and lime.","10-12 fresh blueberries, 8-10 fresh mint leaves, 15 ml simple syrup, 15 ml fresh lime juice, Soda water, Lime wheel and blueberries for garnish, Ice as needed","In a glass, muddle fresh blueberries and mint leaves with simple syrup and fresh lime juice. Fill the glass with ice. Top up with soda water and stir gently to combine. Garnish with a lime wheel and a few blueberries. Enjoy the burst of flavors in the 'Blueberry Smash' cocktail.","/images/33d37d4d-0b02-4ecb-8c1a-3ca7ebdf1611.jpg","summer","day",12,false,"IMAGE_TYPE: Drink photography | GENRE: Berry Mocktail | EMOTION: Fresh | SCENE: A scene of freshness featuring the 'Blueberry Smash' cocktail. The drink celebrates the flavors of blueberries and mint, enhanced by the zing of lime. The glass is adorned with a lime wheel and a few blueberries, adding a pop of color. The backdrop features a sunny outdoor terrace, inviting you to enjoy the outdoors. | ACTORS: None | LOCATION TYPE: Terrace | CAMERA MODEL: Canon EOS Rebel T7i | CAMERA LENS: 50mm f/1.8 | SPECIAL EFFECTS: Sunlit terrace scene | TAGS: blueberry smash, berry mocktail, outdoor relaxation, fresh flavors | TIME_OF_DAY: Daytime | INTERACTION: None | --ar 4:3"
0d57f1bc-b764-4cb2-af53-bc4d319d6aa4,Cucumber Cooler,"A cooling mocktail featuring cucumber, mint, and lime.","8-10 slices of cucumber, 8-10 fresh mint leaves, 15 ml fresh lime juice, 15 ml simple syrup, Soda water, Cucumber ribbon and mint sprig for garnish, Ice as needed","In a glass, muddle cucumber slices and fresh mint leaves with lime juice and simple syrup. Fill the glass with ice. Top up with soda water and stir gently to combine. Garnish with a cucumber ribbon and a sprig of mint. Enjoy the refreshing 'Cucumber Cooler' cocktail.","/images/0d57f1bc-b764-4cb2-af53-bc4d319d6aa4.jpg","summer","day",12,false,"IMAGE_TYPE: Drink photography | GENRE: Cooling Mocktail | EMOTION: Refreshing | SCENE: A scene of coolness featuring the 'Cucumber Cooler' cocktail. The drink showcases the soothing flavors of cucumber and mint, combined with the zest of lime. The glass is adorned with a cucumber ribbon and a sprig of mint, enhancing its visual appeal. The backdrop features a shaded garden setting, creating a sense of relaxation and tranquility. | ACTORS: None | LOCATION TYPE: Garden | CAMERA MODEL: Nikon D5600 | CAMERA LENS: 50mm f/1.8 | SPECIAL EFFECTS: Shaded garden atmosphere | TAGS: cucumber cooler, cooling mocktail, garden serenity, refreshing blend | TIME_OF_DAY: Daytime | INTERACTION: None | --ar 4:3"
5c48e997-0942-4cf9-bc2f-e19e04aafba9,Piña Colada,"A tropical delight made with rum, coconut cream, and pineapple juice.","60 ml white rum, 90 ml pineapple juice, 30 ml coconut cream, Pineapple wedge and cherry for garnish, Crushed ice as needed","In a blender, combine white rum, pineapple juice, and coconut cream. Add crushed ice and blend until smooth. Pour into a chilled glass. Garnish with a pineapple wedge and a cherry. Transport yourself to a tropical paradise with the 'Piña Colada' cocktail.","/images/5c48e997-0942-4cf9-bc2f-e19e04aafba9.jpg","summer","day",18,true,"IMAGE_TYPE: Drink photography | GENRE: Tropical Cocktail | EMOTION: Exotic | SCENE: A tropical oasis featuring the 'Piña Colada' cocktail. The drink combines the richness of coconut cream, the sweetness of pineapple juice, and the kick of rum. The glass is garnished with a pineapple wedge and a cherry, capturing the essence of a tropical escape. The backdrop features a serene beach with palm trees and the sound of waves crashing. | ACTORS: None | LOCATION TYPE: Beach resort | CAMERA MODEL: Canon EOS 5D Mark IV | CAMERA LENS: 100mm f/2.8 Macro | SPECIAL EFFECTS: Tropical beach atmosphere | TAGS: piña colada, tropical cocktail, beach paradise, exotic flavors | TIME_OF_DAY: Daytime | INTERACTION: None | --ar 4:3"
1f217f98-36ad-450d-8f0c-680b45b38f4b,Margarita,"A refreshing cocktail that combines tequila, lime juice, and orange liqueur.","60 ml tequila, 30 ml fresh lime juice, 15 ml orange liqueur, Salt rim and lime wedge for garnish, Ice as needed","Rim the glass with salt by rubbing a lime wedge along the rim and dipping it in salt. In a shaker, combine tequila, fresh lime juice, and orange liqueur. Fill the shaker with ice and shake well. Fill the glass with ice. Strain the cocktail into the glass. Garnish with a lime wedge. Enjoy the invigorating 'Margarita' cocktail.","/images/1f217f98-36ad-450d-8f0c-680b45b38f4b.jpg","summer","evening",18,true,"IMAGE_TYPE: Drink photography | GENRE: Refreshing Cocktail | EMOTION: Invigorating | SCENE: A scene of invigoration featuring the 'Margarita' cocktail. The drink combines the vibrant flavors of tequila, lime juice, and orange liqueur. The glass is garnished with a salt rim and a lime wedge, enhancing the cocktail's visual appeal. The backdrop features a vibrant Mexican cantina, creating an atmosphere of excitement and enjoyment. | ACTORS: Patrons, Bartender | LOCATION TYPE: Cantina | CAMERA MODEL: Canon EOS 5D Mark IV | CAMERA LENS: 100mm f/2.8 Macro | SPECIAL EFFECTS: Vibrant cantina ambiance | TAGS: margarita, refreshing cocktail, Mexican cantina, invigorating blend | TIME_OF_DAY: Evening | INTERACTION: None | --ar 4:3"
f0a01e3e-e160-4a7a-bc1e-3c164d5c6fc6,White Russian,"A creamy cocktail that combines vodka, coffee liqueur, and cream.","45 ml vodka, 30 ml coffee liqueur, 30 ml cream, Ice as needed","In a glass, fill with ice. Pour in vodka and coffee liqueur. Add cream and stir gently to combine. Savor the creamy and indulgent flavors of the 'White Russian' cocktail.","/images/f0a01e3e-e160-4a7a-bc1e-3c164d5c6fc6.jpg","fall","evening",18,true,"IMAGE_TYPE: Drink photography | GENRE: Classic Cocktail | EMOTION: Indulgent | SCENE: A scene of indulgence featuring the 'White Russian' cocktail. The drink combines the richness of vodka, the boldness of coffee liqueur, and the creaminess of cream. The glass exudes a velvety appearance, inviting you to experience its luxurious flavors. The backdrop features a cozy lounge setting with dimmed lighting, setting the mood for relaxation. | ACTORS: None | LOCATION TYPE: Lounge | CAMERA MODEL: Canon EOS 5D Mark IV | CAMERA LENS: 100mm f/2.8 Macro | SPECIAL EFFECTS: Dimmed lounge lights | TAGS: white russian, classic cocktail, cozy lounge, indulgent blend | TIME_OF_DAY: Evening | INTERACTION: None | --ar 4:3"
c6f51611-7a0f-47e1-af18-2259d3d3de9b,Sazerac,"A classic cocktail with a base of rye whiskey, balanced by bitters and a touch of sweetness.","60 ml rye whiskey, 1 sugar cube, 2 dashes Peychaud's bitters, Absinthe rinse, Lemon twist for garnish, Ice as needed","Rinse a glass with absinthe and discard the excess. In another glass, muddle the sugar cube and bitters together. Add rye whiskey and ice, then stir gently to combine. Strain the mixture into the absinthe-rinsed glass. Express the oils from a lemon twist over the drink and drop it in. Enjoy the complex flavors of the 'Sazerac' cocktail.","/images/c6f51611-7a0f-47e1-af18-2259d3d3de9b.jpg","summer","evening",18,true,"IMAGE_TYPE: Drink photography | GENRE: Classic Cocktail | EMOTION: Refined | SCENE: A classic scene featuring the 'Sazerac' cocktail. The drink, known for its refined flavor profile, highlights the depth of rye whiskey, balanced by bitters and a hint of sweetness. The glass is garnished with a twist of lemon, adding a touch of citrus aroma. The backdrop features a sophisticated speakeasy setting, evoking the charm of a bygone era. | ACTORS: Patrons, Bartender | LOCATION TYPE: Speakeasy | CAMERA MODEL: Canon EOS 5D Mark IV | CAMERA LENS: 100mm f/2.8 Macro | SPECIAL EFFECTS: Speakeasy ambiance | TAGS: sazerac, classic cocktail, sophisticated speakeasy, refined blend | TIME_OF_DAY: Evening | INTERACTION: None | --ar 4:3"
a839d4fc-6bb5-4b72-94f7-62d9e1f07c18,Mojito,"A classic cocktail that combines rum, mint, lime, sugar, and soda water.","60 ml white rum, 8-10 fresh mint leaves, Half a lime (cut into wedges), 2 tsp sugar, Soda water, Mint sprig for garnish, Ice as needed","In a glass, muddle fresh mint leaves and lime wedges with sugar. Fill the glass with ice. Add white rum and stir gently to dissolve the sugar. Top up with soda water. Garnish with a mint sprig. Enjoy the invigorating 'Mojito' cocktail.","/images/a839d4fc-6bb5-4b72-94f7-62d9e1f07c18.jpg","summer","day",18,true,"IMAGE_TYPE: Drink photography | GENRE: Classic Cocktail | EMOTION: Invigorating | SCENE: A scene of invigoration featuring the 'Mojito' cocktail. The drink combines the freshness of mint and lime with the kick of white rum. The glass is adorned with a mint sprig, adding a burst of color. The backdrop features a sunlit terrace, inviting you to relax and enjoy the outdoors. | ACTORS: None | LOCATION TYPE: Terrace | CAMERA MODEL: Canon EOS 5D Mark IV | CAMERA LENS: 100mm f/2.8 Macro | SPECIAL EFFECTS: Sunlit terrace scene | TAGS: mojito, classic cocktail, outdoor relaxation, invigorating blend | TIME_OF_DAY: Daytime | INTERACTION: None | --ar 4:3"
5680a988-d7d1-4142-b31c-4cb8c483e124,Dark 'n' Stormy,"A bold cocktail that pairs dark rum with spicy ginger beer.","60 ml dark rum, 120 ml ginger beer, 15 ml fresh lime juice, Lime wedge for garnish, Ice as needed","Fill a glass with ice. Pour in dark rum and fresh lime juice. Top up with ginger beer and stir gently to combine. Garnish with a lime wedge. Enjoy the bold and spicy 'Dark 'n' Stormy' cocktail.","/images/5680a988-d7d1-4142-b31c-4cb8c483e124.jpg","winter","evening",18,true,"IMAGE_TYPE: Drink photography | GENRE: Classic Cocktail | EMOTION: Bold | SCENE: A scene of boldness featuring the 'Dark 'n' Stormy' cocktail. The drink pairs the richness of dark rum with the spiciness of ginger beer. The glass exudes a deep and intriguing hue, inviting you to experience its bold flavors. The backdrop features a dimly lit lounge setting, setting the mood for an adventurous night. | ACTORS: None | LOCATION TYPE: Lounge | CAMERA MODEL: Canon EOS 5D Mark IV | CAMERA LENS: 100mm f/2.8 Macro | SPECIAL EFFECTS: Dimmed lounge lights | TAGS: dark 'n' stormy, classic cocktail, adventurous night, bold blend | TIME_OF_DAY: Evening | INTERACTION: None | --ar 4:3"
b6d9a2a3-53dd-423f-bc7c-23a794e98cfb,Blue Lagoon,"A visually stunning cocktail that combines blue curaçao, vodka, and lemonade.","45 ml vodka, 30 ml blue curaçao, 120 ml lemonade, Lemon slice for garnish, Ice as needed","Fill a glass with ice. Pour in vodka and blue curaçao. Add lemonade and stir gently to combine. Garnish with a lemon slice. Enjoy the vibrant 'Blue Lagoon' cocktail.","/images/b6d9a2a3-53dd-423f-bc7c-23a794e98cfb.jpg","summer","day",18,true,"IMAGE_TYPE: Drink photography | GENRE: Creative Cocktail | EMOTION: Vibrant | SCENE: A scene of vibrancy featuring the 'Blue Lagoon' cocktail. The drink boasts a striking blue hue, capturing attention with its visual appeal. The glass is garnished with a lemon slice, adding a touch of citrus freshness. The backdrop features a beachside bar, inviting you to enjoy the refreshing flavors under the sun. | ACTORS: None | LOCATION TYPE: Beach bar | CAMERA MODEL: Canon EOS 5D Mark IV | CAMERA LENS: 100mm f/2.8 Macro | SPECIAL EFFECTS: Beach bar ambiance | TAGS: blue lagoon, creative cocktail, beachside enjoyment, vibrant colors | TIME_OF_DAY: Daytime | INTERACTION: None | --ar 4:3"
e75c40b0-0723-4d04-9f36-14e4f29bb80b,Cherry Smash,"A delightful cocktail that combines bourbon, cherry liqueur, and a hint of vanilla.","60 ml bourbon, 30 ml cherry liqueur, 15 ml vanilla syrup, Maraschino cherry for garnish, Ice as needed","In a glass, combine bourbon, cherry liqueur, and vanilla syrup. Fill the glass with ice and stir gently to combine. Garnish with a maraschino cherry. Enjoy the delightful 'Cherry Smash' cocktail.","/images/e75c40b0-0723-4d04-9f36-14e4f29bb80b.jpg","winter","evening",18,true,"IMAGE_TYPE: Drink photography | GENRE: Unique Cocktail | EMOTION: Delightful | SCENE: A scene of delight featuring the 'Cherry Smash' cocktail. The drink combines the warmth of bourbon with the sweetness of cherry liqueur and a touch of vanilla. The glass is garnished with a maraschino cherry, adding a burst of color. The backdrop features a cozy fireside lounge, perfect for enjoying the evening. | ACTORS: None | LOCATION TYPE: Fireside Lounge | CAMERA MODEL: Canon EOS 5D Mark IV | CAMERA LENS: 100mm f/2.8 Macro | SPECIAL EFFECTS: Fireside lounge ambiance | TAGS: cherry smash, unique cocktail, fireside relaxation, delightful blend | TIME_OF_DAY: Evening | INTERACTION: None | --ar 4:3"
297b4ea5-72a6-4480-a33a-218de81098c6,Minty Mule,"A refreshing twist on the classic Moscow Mule, featuring vodka, ginger beer, and fresh mint.","45 ml vodka, 120 ml ginger beer, 8-10 fresh mint leaves, Lime wedge for garnish, Ice as needed","In a glass, muddle fresh mint leaves. Add vodka and ginger beer. Fill the glass with ice and stir gently to combine. Garnish with a lime wedge. Enjoy the refreshing 'Minty Mule' cocktail.","/images/297b4ea5-72a6-4480-a33a-218de81098c6.jpg","summer","day",18,true,"IMAGE_TYPE: Drink photography | GENRE: Creative Cocktail | EMOTION: Refreshing | SCENE: A scene of refreshment featuring the 'Minty Mule' cocktail. The drink is a delightful twist on the classic Moscow Mule, incorporating the invigorating flavors of fresh mint. The glass is garnished with a lime wedge, adding a zesty touch. The backdrop features a lush garden setting, creating a sense of outdoor relaxation and enjoyment. | ACTORS: None | LOCATION TYPE: Garden | CAMERA MODEL: Canon EOS 5D Mark IV | CAMERA LENS: 100mm f/2.8 Macro | SPECIAL EFFECTS: Garden atmosphere | TAGS: minty mule, creative cocktail, garden relaxation, refreshing blend | TIME_OF_DAY: Daytime | INTERACTION: None | --ar 4:3"
c8e685c1-9b02-4a9d-8015-0c5e037d723c,Cinnamon Swirl,"A warm and comforting cocktail that combines spiced rum, cinnamon syrup, and hot apple cider.","60 ml spiced rum, 30 ml cinnamon syrup, 120 ml hot apple cider, Cinnamon stick for garnish","In a glass, combine spiced rum and cinnamon syrup. Add hot apple cider and stir gently to combine. Garnish with a cinnamon stick. Sip and savor the comforting flavors of the 'Cinnamon Swirl' cocktail.","/images/c8e685c1-9b02-4a9d-8015-0c5e037d723c.jpg","fall","evening",18,true,"IMAGE_TYPE: Drink photography | GENRE: Cozy Cocktail | EMOTION: Comforting | SCENE: A scene of comfort featuring the 'Cinnamon Swirl' cocktail. The drink combines the warmth of spiced rum with the sweetness of hot apple cider and the aromatic touch of cinnamon. The glass is garnished with a cinnamon stick, evoking a sense of coziness. The backdrop features a rustic cabin interior, providing the perfect setting for a relaxing evening. | ACTORS: None | LOCATION TYPE: Cabin | CAMERA MODEL: Canon EOS 5D Mark IV | CAMERA LENS: 100mm f/2.8 Macro | SPECIAL EFFECTS: Rustic cabin ambiance | TAGS: cinnamon swirl, cozy cocktail, rustic cabin, comforting blend | TIME_OF_DAY: Evening | INTERACTION: None | --ar 4:3"
c4e8f309-e3f6-4ae6-ae50-d68ca605b69e,Tropical Breeze,"A tropical escape in a glass, featuring rum, passion fruit juice, and coconut cream.","45 ml rum, 60 ml passion fruit juice, 30 ml coconut cream, Passion fruit and mint sprig for garnish, Ice as needed","In a glass, combine rum, passion fruit juice, and coconut cream. Fill the glass with ice and stir gently to combine. Garnish with a passion fruit and a mint sprig. Transport yourself to a tropical paradise with the 'Tropical Breeze' cocktail.","/images/c4e8f309-e3f6-4ae6-ae50-d68ca605b69e.jpg","summer","day",18,true,"IMAGE_TYPE: Drink photography | GENRE: Tropical Cocktail | EMOTION: Exotic | SCENE: A scene of exoticism featuring the 'Tropical Breeze' cocktail. The drink captures the essence of a tropical getaway, blending rum, passion fruit juice, and creamy coconut. The glass is garnished with a passion fruit and a sprig of mint, enhancing its visual allure. The backdrop features a stunning beachfront vista, inviting you to embrace the exotic flavors and ambiance. | ACTORS: None | LOCATION TYPE: Beachfront | CAMERA MODEL: Canon EOS 5D Mark IV | CAMERA LENS: 100mm f/2.8 Macro | SPECIAL EFFECTS: Beachfront ambiance | TAGS: tropical breeze, exotic cocktail, beachfront paradise, vibrant blend | TIME_OF_DAY: Daytime | INTERACTION: None | --ar 4:3"
cfa1281a-1f4a-4f8f-87da-9c0e5e23ce37,Mango Tango,"A tropical delight that blends rum, mango puree, and a splash of lime.","45 ml rum, 60 ml mango puree, 15 ml lime juice, Mango slice for garnish, Ice as needed","In a glass, combine rum, mango puree, and lime juice. Fill the glass with ice and stir gently to combine. Garnish with a mango slice. Savor the tropical 'Mango Tango' cocktail.","/images/cfa1281a-1f4a-4f8f-87da-9c0e5e23ce37.jpg","summer","day",18,true,"IMAGE_TYPE: Drink photography | GENRE: Tropical Cocktail | EMOTION: Refreshing | SCENE: A scene of tropical paradise featuring the 'Mango Tango' cocktail. The drink marries the sweetness of mango puree with the zesty kick of lime and the warmth of rum. The glass is adorned with a mango slice, evoking thoughts of sun-soaked beaches. The backdrop features a vibrant beach bar, inviting you to embrace the summery vibes. | ACTORS: None | LOCATION TYPE: Beach bar | CAMERA MODEL: Canon EOS 5D Mark IV | CAMERA LENS: 100mm f/2.8 Macro | SPECIAL EFFECTS: Beach bar ambiance | TAGS: mango tango, tropical cocktail, beachside delight, refreshing blend | TIME_OF_DAY: Daytime | INTERACTION: None | --ar 4:3"
21e2e0d6-6a09-4db4-94ef-9a0f2c476e1f,Spiced Sunset,"A cozy cocktail that combines whiskey, spiced syrup, and warm apple cider.","60 ml whiskey, 30 ml spiced syrup, 120 ml warm apple cider, Cinnamon stick for garnish","In a glass, combine whiskey and spiced syrup. Add warm apple cider and stir gently to combine. Garnish with a cinnamon stick. Sip and enjoy the comforting 'Spiced Sunset' cocktail.","/images/21e2e0d6-6a09-4db4-94ef-9a0f2c476e1f.jpg","fall","evening",18,true,"IMAGE_TYPE: Drink photography | GENRE: Cozy Cocktail | EMOTION: Comforting | SCENE: A scene of coziness featuring the 'Spiced Sunset' cocktail. The drink combines the warmth of whiskey with the comforting spices of the syrup and the soothing sweetness of warm apple cider. The glass is garnished with a cinnamon stick, evoking the feeling of a fireside embrace. The backdrop features a rustic cabin interior, inviting you to unwind and savor the moment. | ACTORS: None | LOCATION TYPE: Cabin | CAMERA MODEL: Canon EOS 5D Mark IV | CAMERA LENS: 100mm f/2.8 Macro | SPECIAL EFFECTS: Rustic cabin ambiance | TAGS: spiced sunset, cozy cocktail, rustic cabin, comforting blend | TIME_OF_DAY: Evening | INTERACTION: None | --ar 4:3"
bfa5c0f2-14cd-4ee4-9f01-5fb2e71f8f82,Cherry Crush,"A delightful cocktail that combines gin, cherry liqueur, and a splash of citrus.","45 ml gin, 30 ml cherry liqueur, 15 ml lemon juice, Cherry and lemon twist for garnish, Ice as needed","In a glass, combine gin, cherry liqueur, and lemon juice. Fill the glass with ice and stir gently to combine. Garnish with a cherry and a lemon twist. Enjoy the refreshing 'Cherry Crush' cocktail.","/images/bfa5c0f2-14cd-4ee4-9f01-5fb2e71f8f82.jpg","spring","day",18,true,"IMAGE_TYPE: Drink photography | GENRE: Refreshing Cocktail | EMOTION: Delightful | SCENE: A scene of delight featuring the 'Cherry Crush' cocktail. The drink blends the crispness of gin, the sweetness of cherry liqueur, and the zest of lemon juice. The glass is garnished with a cherry and a lemon twist, enhancing its visual allure. The backdrop features a sunlit garden, inviting you to embrace the outdoors and savor the moment. | ACTORS: None | LOCATION TYPE: Garden | CAMERA MODEL: Canon EOS 5D Mark IV | CAMERA LENS: 100mm f/2.8 Macro | SPECIAL EFFECTS: Sunlit garden scene | TAGS: cherry crush, refreshing cocktail, outdoor relaxation, delightful blend | TIME_OF_DAY: Daytime | INTERACTION: None | --ar 4:3"
f9b48c03-df7d-47de-8cd9-9c03b7ee7226,Sunset Sangria,"A colorful and fruity cocktail that combines red wine, citrus, and a medley of fresh fruits.","120 ml red wine, 30 ml orange liqueur, 15 ml lemon juice, Mixed fresh fruits (orange slices, berries, apple slices) for garnish, Ice as needed","In a glass, combine red wine, orange liqueur, and lemon juice. Add mixed fresh fruits and ice. Stir gently to combine. Garnish with a variety of fresh fruits. Enjoy the vibrant 'Sunset Sangria' cocktail.","/images/f9b48c03-df7d-47de-8cd9-9c03b7ee7226.jpg","summer","evening",18,true,"IMAGE_TYPE: Drink photography | GENRE: Colorful Cocktail | EMOTION: Vibrant | SCENE: A scene of vibrancy featuring the 'Sunset Sangria' cocktail. The drink captures the joyful spirit of summer with its colorful medley of red wine, citrus, and fresh fruits. The glass is garnished with a variety of fresh fruits, creating a feast for the eyes. The backdrop features a lively outdoor patio, perfect for embracing the evening breeze and socializing. | ACTORS: None | LOCATION TYPE: Outdoor patio | CAMERA MODEL: Canon EOS 5D Mark IV | CAMERA LENS: 100mm f/2.8 Macro | SPECIAL EFFECTS: Outdoor patio ambiance | TAGS: sunset sangria, colorful cocktail, outdoor gathering, vibrant blend | TIME_OF_DAY: Evening | INTERACTION: None | --ar 4:3"
cdec7fae-133e-40fb-80c6-74ee4d64888d,Sekiro's Resolve,"An homage to Sekiro's courage, this cocktail combines aged Japanese whisky, plum wine, and a touch of cherry blossom essence.","60 ml aged Japanese whisky, 30 ml plum wine, 10 ml cherry blossom essence, Cherry blossom petals for garnish, Ice as needed","In a mixing glass, combine aged Japanese whisky, plum wine, and cherry blossom essence. Add ice and stir gently to combine. Strain into a glass. Garnish with delicate cherry blossom petals. Embrace the courage of 'Sekiro's Resolve' and savor the blend of flavors that pay tribute to the game.","/images/cdec7fae-133e-40fb-80c6-74ee4d64888d.jpg","spring","evening",18,true,"IMAGE_TYPE: Drink photography | GENRE: Japanese Cocktail | EMOTION: Courageous | SCENE: A scene of courage inspired by Sekiro, featuring the 'Sekiro's Resolve' cocktail. The drink pays homage to the game's themes with aged Japanese whisky, plum wine, and cherry blossom essence. The glass is garnished with delicate cherry blossom petals, adding a touch of elegance. The backdrop showcases a serene Japanese garden in spring, creating an atmosphere of renewal and determination. | ACTORS: None | LOCATION TYPE: Japanese garden | CAMERA MODEL: Canon EOS 5D Mark IV | CAMERA LENS: 100mm f/2.8 Macro | SPECIAL EFFECTS: spring ambiance | TAGS: sekiro's resolve, Japanese cocktail, serene garden, courage tribute | TIME_OF_DAY: Evening | INTERACTION: None | --ar 4:3"
ad8b0717-ee67-4010-9a44-3f48cf91253e,Citrus Spritz,"A refreshing and bubbly cocktail that combines vodka, citrus juices, and sparkling water.","45 ml vodka, 30 ml orange juice, 15 ml lime juice, 120 ml sparkling water, Orange and lime slices for garnish, Ice as needed","In a glass, combine vodka, orange juice, and lime juice. Fill the glass with ice and top up with sparkling water. Stir gently to combine. Garnish with orange and lime slices. Enjoy the effervescent 'Citrus Spritz' cocktail.","/images/ad8b0717-ee67-4010-9a44-3f48cf91253e.jpg","spring","day",18,true,"IMAGE_TYPE: Drink photography | GENRE: Refreshing Cocktail | EMOTION: Effervescent | SCENE: A scene of effervescence featuring the 'Citrus Spritz' cocktail. The drink combines the crispness of vodka, the tanginess of citrus juices, and the bubbly delight of sparkling water. The glass is garnished with orange and lime slices, enhancing its visual appeal. The backdrop features a bright and airy garden setting, inviting you to enjoy the refreshing flavors under the sun. | ACTORS: None | LOCATION TYPE: Garden | CAMERA MODEL: Canon EOS 5D Mark IV | CAMERA LENS: 100mm f/2.8 Macro | SPECIAL EFFECTS: Garden atmosphere | TAGS: citrus spritz, refreshing cocktail, garden relaxation, effervescent blend | TIME_OF_DAY: Daytime | INTERACTION: None | --ar 4:3"
ba7ca894-85d4-4ee4-bf2f-587936fa9e9a,Tropical Paradise,"A refreshing mocktail that blends coconut water, pineapple juice, and a splash of lime.","120 ml coconut water, 60 ml pineapple juice, 15 ml lime juice, Pineapple wedge and mint sprig for garnish, Ice as needed","In a glass, combine coconut water, pineapple juice, and lime juice. Fill the glass with ice and stir gently to combine. Garnish with a pineapple wedge and a mint sprig. Transport yourself to a 'Tropical Paradise' with every sip of this mocktail.","/images/ba7ca894-85d4-4ee4-bf2f-587936fa9e9a.jpg","summer","day",12,false,"IMAGE_TYPE: Drink photography | GENRE: Refreshing Mocktail | EMOTION: Relaxing | SCENE: A scene of relaxation featuring the 'Tropical Paradise' mocktail. The drink combines the hydrating properties of coconut water with the sweetness of pineapple juice and the zesty touch of lime. The glass is adorned with a pineapple wedge and a mint sprig, adding a tropical touch. The backdrop features a serene beach hammock setup, inviting you to unwind and enjoy the moment. | ACTORS: None | LOCATION TYPE: Beach hammock | CAMERA MODEL: Canon EOS 5D Mark IV | CAMERA LENS: 100mm f/2.8 Macro | SPECIAL EFFECTS: Beach hammock ambiance | TAGS: tropical paradise, refreshing mocktail, beachside relaxation, hydrating blend | TIME_OF_DAY: Daytime | INTERACTION: None | --ar 4:3"
1761a3b2-b80f-42c6-b6e9-169a927ee9f5,Citrus Zing,"A tangy and invigorating mocktail that combines orange juice, lemonade, and a hint of ginger.","120 ml orange juice, 60 ml lemonade, 15 ml ginger syrup, Orange slice and lemon twist for garnish, Ice as needed","In a glass, combine orange juice, lemonade, and ginger syrup. Fill the glass with ice and stir gently to combine. Garnish with an orange slice and a lemon twist. Enjoy the invigorating 'Citrus Zing' mocktail.","/images/1761a3b2-b80f-42c6-b6e9-169a927ee9f5.jpg","summer","day",12,false,"IMAGE_TYPE: Drink photography | GENRE: Refreshing Mocktail | EMOTION: Invigorating | SCENE: A scene of invigoration featuring the 'Citrus Zing' mocktail. The drink fuses the tanginess of orange juice, the zesty kick of lemonade, and the warmth of ginger syrup. The glass is garnished with an orange slice and a lemon twist, adding a burst of citrus aroma. The backdrop features a lively farmers' market, creating a sense of vibrancy and energy. | ACTORS: None | LOCATION TYPE: Farmers' market | CAMERA MODEL: Canon EOS 5D Mark IV | CAMERA LENS: 100mm f/2.8 Macro | SPECIAL EFFECTS: Farmers' market ambiance | TAGS: citrus zing, refreshing mocktail, vibrant market, invigorating blend | TIME_OF_DAY: Daytime | INTERACTION: None | --ar 4:3"
be1eb2a1-34c1-44f6-862d-09b96d6a9a57,Berry Breeze,"A delightful mocktail that blends mixed berries, mint, and a splash of soda.","120 g mixed berries (strawberries, blueberries, raspberries), 8-10 fresh mint leaves, 60 ml soda water, Lemon twist and mint sprig for garnish, Ice as needed","In a glass, muddle mixed berries and fresh mint leaves. Add ice and soda water. Stir gently to combine. Garnish with a lemon twist and a mint sprig. Enjoy the delightful 'Berry Breeze' mocktail.","/images/be1eb2a1-34c1-44f6-862d-09b96d6a9a57.jpg","spring","day",12,false,"IMAGE_TYPE: Drink photography | GENRE: Refreshing Mocktail | EMOTION: Delightful | SCENE: A scene of delight featuring the 'Berry Breeze' mocktail. The drink celebrates the freshness of mixed berries and the invigorating touch of mint. The glass is garnished with a lemon twist and a mint sprig, enhancing its visual allure. The backdrop features a lush garden setting, inviting you to savor the outdoors and the flavors of the season. | ACTORS: None | LOCATION TYPE: Garden | CAMERA MODEL: Canon EOS 5D Mark IV | CAMERA LENS: 100mm f/2.8 Macro | SPECIAL EFFECTS: Garden atmosphere | TAGS: berry breeze, refreshing mocktail, outdoor relaxation, delightful blend | TIME_OF_DAY: Daytime | INTERACTION: None | --ar 4:3"
74c2c83a-62c2-42fe-b6e1-6c978fb33f46,Minty Sparkler,"A refreshing and effervescent mocktail that blends mint, lime, and sparkling water.","8-10 fresh mint leaves, 15 ml lime juice, 120 ml sparkling water, Lime twist and mint sprig for garnish, Ice as needed","In a glass, muddle fresh mint leaves. Add lime juice and ice. Top up with sparkling water. Stir gently to combine. Garnish with a lime twist and a mint sprig. Enjoy the minty effervescence of the 'Minty Sparkler' mocktail.","/images/74c2c83a-62c2-42fe-b6e1-6c978fb33f46.jpg","summer","day",12,false,"IMAGE_TYPE: Drink photography | GENRE: Refreshing Mocktail | EMOTION: Effervescent | SCENE: A scene of effervescence featuring the 'Minty Sparkler' mocktail. The drink marries the invigorating flavors of fresh mint and zesty lime with the bubbly delight of sparkling water. The glass is garnished with a lime twist and a mint sprig, creating a visual feast. The backdrop features a bright and airy cafe terrace, inviting you to enjoy the lively atmosphere. | ACTORS: None | LOCATION TYPE: Cafe terrace | CAMERA MODEL: Canon EOS 5D Mark IV | CAMERA LENS: 100mm f/2.8 Macro | SPECIAL EFFECTS: Cafe terrace ambiance | TAGS: minty sparkler, refreshing mocktail, lively cafe, effervescent blend | TIME_OF_DAY: Daytime | INTERACTION: None | --ar 4:3"
de2952a6-7682-44b4-a5c7-4dd4fb69a6e1,Citrus Delight,"A citrus-infused mocktail that combines orange juice, lemonade, and a splash of grenadine.","120 ml orange juice, 60 ml lemonade, 15 ml grenadine syrup, Orange slice and cherry for garnish, Ice as needed","In a glass, combine orange juice, lemonade, and grenadine syrup. Fill the glass with ice and stir gently to combine. Garnish with an orange slice and a cherry. Enjoy the delightful 'Citrus Delight' mocktail.","/images/de2952a6-7682-44b4-a5c7-4dd4fb69a6e1.jpg","summer","day",12,false,"IMAGE_TYPE: Drink photography | GENRE: Refreshing Mocktail | EMOTION: Delightful | SCENE: A scene of delight featuring the 'Citrus Delight' mocktail. The drink harmonizes the tanginess of orange juice, the zesty kick of lemonade, and the sweetness of grenadine syrup. The glass is garnished with an orange slice and a cherry, enhancing its visual appeal. The backdrop features a sunny patio, creating a perfect atmosphere to enjoy the drink's refreshing flavors. | ACTORS: None | LOCATION TYPE: Sunny patio | CAMERA MODEL: Canon EOS 5D Mark IV | CAMERA LENS: 100mm f/2.8 Macro | SPECIAL EFFECTS: Sunny patio ambiance | TAGS: citrus delight, refreshing mocktail, patio relaxation, delightful blend | TIME_OF_DAY: Daytime | INTERACTION: None | --ar 4:3"
1281ab89-9f75-4d76-9c8e-6aef3b91d5ef,Amaretto Sunrise,"A vibrant cocktail that combines amaretto, orange juice, and grenadine.","45 ml amaretto liqueur, 120 ml orange juice, 15 ml grenadine syrup, Orange slice and cherry for garnish, Ice as needed","In a glass, combine amaretto liqueur and orange juice. Fill the glass with ice and gently pour in grenadine syrup. It will settle at the bottom, creating a sunrise effect. Garnish with an orange slice and a cherry. Enjoy the vibrant 'Amaretto Sunrise' cocktail.","/images/1281ab89-9f75-4d76-9c8e-6aef3b91d5ef.jpg","summer","day",18,true,"IMAGE_TYPE: Drink photography | GENRE: Colorful Cocktail | EMOTION: Vibrant | SCENE: A scene of vibrancy featuring the 'Amaretto Sunrise' cocktail. The drink marries the richness of amaretto with the citrusy burst of orange juice. The glass is garnished with an orange slice and a cherry, adding to its visual allure. The backdrop features a beachside bar, creating an ambiance of relaxation and liveliness. | ACTORS: None | LOCATION TYPE: Beachside bar | CAMERA MODEL: Canon EOS 5D Mark IV | CAMERA LENS: 100mm f/2.8 Macro | SPECIAL EFFECTS: Beachside bar atmosphere | TAGS: amaretto sunrise, colorful cocktail, beachside vibes, vibrant blend | TIME_OF_DAY: Daytime | INTERACTION: None | --ar 4:3"
2367cd89-6a10-4f9e-91c2-ba52c389d3f8,Caramel Apple Martini,"A luscious cocktail that blends vodka, apple liqueur, and a drizzle of caramel.","45 ml vodka, 30 ml apple liqueur, 15 ml caramel syrup, Apple slice for garnish","In a shaker, combine vodka, apple liqueur, and caramel syrup. Add ice and shake until well-chilled. Strain into a chilled martini glass. Garnish with an apple slice. Sip and savor the luscious 'Caramel Apple Martini' cocktail.","/images/2367cd89-6a10-4f9e-91c2-ba52c389d3f8.jpg","fall","evening",18,true,"IMAGE_TYPE: Drink photography | GENRE: Indulgent Cocktail | EMOTION: Luscious | SCENE: A scene of indulgence featuring the 'Caramel Apple Martini' cocktail. The drink combines the smoothness of vodka, the sweetness of apple liqueur, and the richness of caramel. The glass is garnished with an apple slice, enhancing its visual appeal. The backdrop features an elegant lounge, inviting you to savor the drink's luscious flavors in style. | ACTORS: None | LOCATION TYPE: Lounge | CAMERA MODEL: Canon EOS 5D Mark IV | CAMERA LENS: 100mm f/2.8 Macro | SPECIAL EFFECTS: Elegant lounge ambiance | TAGS: caramel apple martini, indulgent cocktail, sophisticated lounge, luscious blend | TIME_OF_DAY: Evening | INTERACTION: None | --ar 4:3"
3e4f5678-678f-4321-bcde-2e1a3b45678b,Maple Old Fashioned,"A modern twist on the classic cocktail, featuring bourbon, maple syrup, and aromatic bitters.","60 ml bourbon, 15 ml pure maple syrup, 2-3 dashes aromatic bitters, Orange twist and cherry for garnish, Ice as needed","In a glass, combine bourbon, maple syrup, and aromatic bitters. Add ice and stir gently to combine. Garnish with an orange twist and a cherry. Savor the refined flavors of the 'Maple Old Fashioned' cocktail.","/images/3e4f5678-678f-4321-bcde-2e1a3b45678b.jpg","summer","evening",18,true,"IMAGE_TYPE: Drink photography | GENRE: Classic Cocktail | EMOTION: Refined | SCENE: A scene of refinement featuring the 'Maple Old Fashioned' cocktail. The drink offers a modern take on the classic Old Fashioned, infusing the rich depth of bourbon with the sweetness of maple syrup. The glass is garnished with an orange twist and a cherry, adding a touch of sophistication. The backdrop features a stylish bar setting, inviting you to enjoy the drink's timeless allure. | ACTORS: None | LOCATION TYPE: Bar | CAMERA MODEL: Canon EOS 5D Mark IV | CAMERA LENS: 100mm f/2.8 Macro | SPECIAL EFFECTS: Stylish bar ambiance | TAGS: maple old fashioned, classic cocktail, timeless elegance, refined blend | TIME_OF_DAY: Evening | INTERACTION: None | --ar 4:3"
46d7e890-1234-5678-abcd-567812345678,Whiskey Sour Twist,"A zesty cocktail that combines whiskey, lemon juice, and a touch of elderflower liqueur.","60 ml whiskey, 30 ml lemon juice, 15 ml elderflower liqueur, Lemon twist for garnish","In a shaker, combine whiskey, lemon juice, and elderflower liqueur. Add ice and shake until well-chilled. Strain into a rocks glass filled with ice. Garnish with a lemon twist. Enjoy the zesty 'Whiskey Sour Twist' cocktail.","/images/46d7e890-1234-5678-abcd-567812345678.jpg","fall","evening",18,true,"IMAGE_TYPE: Drink photography | GENRE: Zesty Cocktail | EMOTION: Zesty | SCENE: A scene of zestiness featuring the 'Whiskey Sour Twist' cocktail. The drink harmonizes the boldness of whiskey with the zesty kick of lemon juice and the delicate sweetness of elderflower liqueur. The glass is garnished with a lemon twist, enhancing its visual appeal. The backdrop features a modern rooftop bar, inviting you to enjoy the drink's zesty flavors while embracing the urban atmosphere. | ACTORS: None | LOCATION TYPE: Rooftop bar | CAMERA MODEL: Canon EOS 5D Mark IV | CAMERA LENS: 100mm f/2.8 Macro | SPECIAL EFFECTS: Rooftop bar ambiance | TAGS: whiskey sour twist, zesty cocktail, urban rooftop, flavorful blend | TIME_OF_DAY: Evening | INTERACTION: None | --ar 4:3"
890a1b23-3456-789c-de12-34567890a123,Elderberry Fizz,"A delightful cocktail that combines elderberry liqueur, lemonade, and sparkling water.","45 ml elderberry liqueur, 60 ml lemonade, 120 ml sparkling water, Lemon twist and elderberries for garnish, Ice as needed","In a glass, combine elderberry liqueur and lemonade. Fill the glass with ice and top up with sparkling water. Stir gently to combine. Garnish with a lemon twist and a few elderberries. Sip and enjoy the 'Elderberry Fizz' cocktail.","/images/890a1b23-3456-789c-de12-34567890a123.jpg","spring","day",18,true,"IMAGE_TYPE: Drink photography | GENRE: Refreshing Cocktail | EMOTION: Delightful | SCENE: A scene of delight featuring the 'Elderberry Fizz' cocktail. The drink blends the richness of elderberry liqueur with the zesty burst of lemonade and the effervescent delight of sparkling water. The glass is garnished with a lemon twist and a few elderberries, adding to its visual allure. The backdrop features a blooming garden, creating a perfect atmosphere to enjoy the refreshing flavors. | ACTORS: None | LOCATION TYPE: Garden | CAMERA MODEL: Canon EOS 5D Mark IV | CAMERA LENS: 100mm f/2.8 Macro | SPECIAL EFFECTS: Garden atmosphere | TAGS: elderberry fizz, refreshing cocktail, outdoor relaxation, delightful blend | TIME_OF_DAY: Daytime | INTERACTION: None | --ar 4:3"
f7d29f76-5d0c-4ea0-9cf1-2e7b3cf87e1d,Fiery Passion,"A daring cocktail that combines tequila, habanero-infused syrup, and tangy passion fruit.","60 ml tequila, 30 ml habanero-infused syrup, 45 ml passion fruit juice, Habanero slice for garnish, Ice as needed","In a shaker, combine tequila, habanero-infused syrup, and passion fruit juice. Add ice and shake vigorously. Strain into a glass filled with ice. Garnish with a habanero slice. Embrace the heat of the 'Fiery Passion' cocktail.","/images/f7d29f76-5d0c-4ea0-9cf1-2e7b3cf87e1d.jpg","fall","evening",18,true,"IMAGE_TYPE: Drink photography | GENRE: Bold Cocktail | EMOTION: Daring | SCENE: A scene of daring featuring the 'Fiery Passion' cocktail. The drink combines the boldness of tequila with the fiery kick of habanero-infused syrup and the tangy allure of passion fruit. The glass is garnished with a habanero slice, hinting at the drink's daring nature. The backdrop features a dynamic rooftop bar, inviting you to indulge in the intense flavors and vibrant atmosphere. | ACTORS: None | LOCATION TYPE: Rooftop bar | CAMERA MODEL: Canon EOS 5D Mark IV | CAMERA LENS: 100mm f/2.8 Macro | SPECIAL EFFECTS: Rooftop bar ambiance | TAGS: fiery passion, bold cocktail, daring vibes, intense blend | TIME_OF_DAY: Evening | INTERACTION: None | --ar 4:3"
ac8e79d0-341b-4b0f-80f7-8d2e5c7f482f,Smokey Elixir,"A mesmerizing cocktail that combines mezcal, charred rosemary, and a hint of blackberry liqueur.","60 ml mezcal, 15 ml blackberry liqueur, Charred rosemary sprig for garnish, Ice as needed","In a glass, combine mezcal and blackberry liqueur. Add ice and stir gently to combine. Garnish with a charred rosemary sprig. Sip and be enchanted by the 'Smokey Elixir' cocktail.","/images/ac8e79d0-341b-4b0f-80f7-8d2e5c7f482f.jpg","fall","evening",18,true,"IMAGE_TYPE: Drink photography | GENRE: Enchanting Cocktail | EMOTION: Mesmerizing | SCENE: A scene of enchantment featuring the 'Smokey Elixir' cocktail. The drink marries the smokiness of mezcal with the mysterious touch of charred rosemary and the allure of blackberry liqueur. The glass is garnished with a charred rosemary sprig, adding to its visual intrigue. The backdrop features a candlelit lounge, creating an atmosphere of intimacy and allure. | ACTORS: None | LOCATION TYPE: Candlelit lounge | CAMERA MODEL: Canon EOS 5D Mark IV | CAMERA LENS: 100mm f/2.8 Macro | SPECIAL EFFECTS: Candlelit lounge ambiance | TAGS: smokey elixir, enchanting cocktail, intimate lounge, mesmerizing blend | TIME_OF_DAY: Evening | INTERACTION: None | --ar 4:3"
b4e1f0a3-8c90-4d12-8ec6-1e07b9f8c6a1,Electric Blue,"A vibrant cocktail that combines blue curaçao, gin, and citrus juices for a visually striking experience.","45 ml blue curaçao, 30 ml gin, 30 ml lemon juice, Lemon twist for garnish, Ice as needed","In a glass, combine blue curaçao, gin, and lemon juice. Fill the glass with ice and stir gently to combine. Garnish with a lemon twist. Experience the electrifying visuals and flavors of the 'Electric Blue' cocktail.","/images/b4e1f0a3-8c90-4d12-8ec6-1e07b9f8c6a1.jpg","spring","night",18,true,"IMAGE_TYPE: Drink photography | GENRE: Dazzling Cocktail | EMOTION: Electrifying | SCENE: A scene of electrifying visuals featuring the 'Electric Blue' cocktail. The drink showcases the vivid blue hue of blue curaçao, contrasted with the sophistication of gin and the tanginess of lemon juice. The glass is garnished with a lemon twist, adding to its visual allure. The backdrop features a futuristic lounge with neon lights, creating an ambiance of excitement and modernity. | ACTORS: None | LOCATION TYPE: Futuristic lounge | CAMERA MODEL: Canon EOS 5D Mark IV | CAMERA LENS: 100mm f/2.8 Macro | SPECIAL EFFECTS: Neon lights | TAGS: electric blue, dazzling cocktail, futuristic lounge, electrifying blend | TIME_OF_DAY: Nighttime | INTERACTION: None | --ar 4:3"
7ed8220a-1cd9-4142-8de1-8f704abeef41,Chili Mojito,"A bold cocktail that combines rum, chili-infused syrup, and the freshness of mint and lime.","60 ml white rum, 15 ml chili-infused syrup, 8-10 fresh mint leaves, 15 ml lime juice, Mint sprig and chili pepper slice for garnish, Ice as needed","In a glass, muddle fresh mint leaves. Add rum, chili-infused syrup, and lime juice. Fill the glass with ice and stir gently to combine. Garnish with a mint sprig and a chili pepper slice. Embrace the fiery kick of the 'Chili Mojito' cocktail.","/images/7ed8220a-1cd9-4142-8de1-8f704abeef41.jpg","spring","evening",18,true,"IMAGE_TYPE: Drink photography | GENRE: Bold Cocktail | EMOTION: Fiery | SCENE: A scene of boldness featuring the 'Chili Mojito' cocktail. The drink marries the classic Mojito with a fiery twist of chili-infused syrup. The glass is garnished with a mint sprig and a chili pepper slice, hinting at the drink's daring nature. The backdrop features a stylish rooftop bar, inviting you to enjoy the intense flavors and vibrant atmosphere. | ACTORS: None | LOCATION TYPE: Rooftop bar | CAMERA MODEL: Canon EOS 5D Mark IV | CAMERA LENS: 100mm f/2.8 Macro | SPECIAL EFFECTS: Rooftop bar ambiance | TAGS: chili mojito, bold cocktail, daring vibes, intense blend | TIME_OF_DAY: Evening | INTERACTION: None | --ar 4:3"
7890a1b2-c3d4-5678-9012-34567890a1b2,Midnight Velvet,"An opulent cocktail that combines blackberry liqueur, champagne, and a touch of violet liqueur.","30 ml blackberry liqueur, 60 ml champagne, 15 ml violet liqueur, Blackberries for garnish","In a glass, combine blackberry liqueur and violet liqueur. Fill the glass with champagne. Stir gently to combine. Garnish with blackberries. Indulge in the luxurious 'Midnight Velvet' cocktail.","/images/7890a1b2-c3d4-5678-9012-34567890a1b2.jpg","spring","night",18,true,"IMAGE_TYPE: Drink photography | GENRE: Opulent Cocktail | EMOTION: Luxurious | SCENE: A scene of opulence featuring the 'Midnight Velvet' cocktail. The drink marries the richness of blackberry liqueur with the elegance of violet liqueur and the effervescence of champagne. The glass is garnished with blackberries, enhancing its visual allure. The backdrop features a lavish lounge with velvet furnishings, creating an atmosphere of indulgence and allure. | ACTORS: None | LOCATION TYPE: Lavish lounge | CAMERA MODEL: Canon EOS 5D Mark IV | CAMERA LENS: 100mm f/2.8 Macro | SPECIAL EFFECTS: Lavish lounge ambiance | TAGS: midnight velvet, opulent cocktail, luxurious lounge, indulgent blend | TIME_OF_DAY: Nighttime | INTERACTION: None | --ar 4:3"
1a2b3c4d-5e6f-7a8b-9c0d-a1b2c3d4e5f6,Crimson Temptation,"A seductive cocktail that blends pomegranate liqueur, vodka, and a touch of cinnamon.","45 ml pomegranate liqueur, 60 ml vodka, 15 ml cinnamon syrup, Cinnamon stick and pomegranate seeds for garnish, Ice as needed","In a glass, combine pomegranate liqueur, vodka, and cinnamon syrup. Fill the glass with ice and stir gently to combine. Garnish with a cinnamon stick and a sprinkle of pomegranate seeds. Indulge in the irresistible 'Crimson Temptation' cocktail.","/images/1a2b3c4d-5e6f-7a8b-9c0d-a1b2c3d4e5f6.jpg","fall","evening",18,true,"IMAGE_TYPE: Drink photography | GENRE: Seductive Cocktail | EMOTION: Tempting | SCENE: A scene of temptation featuring the 'Crimson Temptation' cocktail. The drink combines the allure of pomegranate liqueur with the boldness of vodka and the warmth of cinnamon syrup. The glass is garnished with a cinnamon stick and a sprinkle of pomegranate seeds, adding to its visual intrigue. The backdrop features a dimly lit lounge, creating an atmosphere of intimacy and seduction. | ACTORS: None | LOCATION TYPE: Dimly lit lounge | CAMERA MODEL: Canon EOS 5D Mark IV | CAMERA LENS: 100mm f/2.8 Macro | SPECIAL EFFECTS: Dimly lit ambiance | TAGS: crimson temptation, seductive cocktail, intimate lounge, tempting blend | TIME_OF_DAY: Evening | INTERACTION: None | --ar 4:3"
2b3c4d5e-6f7a-8b9c-0d1a-2b3c4d5e6f7a,Blood Orange Inferno,"A daring cocktail that combines blood orange liqueur, jalapeno-infused tequila, and a touch of lime.","45 ml blood orange liqueur, 60 ml jalapeno-infused tequila, 15 ml lime juice, Jalapeno slice for garnish, Ice as needed","In a glass, combine blood orange liqueur, jalapeno-infused tequila, and lime juice. Fill the glass with ice and stir gently to combine. Garnish with a jalapeno slice. Embrace the fiery sensation of the 'Blood Orange Inferno' cocktail.","/images/2b3c4d5e-6f7a-8b9c-0d1a-2b3c4d5e6f7a.jpg","summer","evening",18,true,"IMAGE_TYPE: Drink photography | GENRE: Bold Cocktail | EMOTION: Daring | SCENE: A scene of daring featuring the 'Blood Orange Inferno' cocktail. The drink combines the vibrancy of blood orange liqueur with the bold kick of jalapeno-infused tequila and the zesty touch of lime. The glass is garnished with a jalapeno slice, hinting at the drink's fiery nature. The backdrop features a dynamic rooftop bar, inviting you to enjoy the intense flavors and vibrant atmosphere. | ACTORS: None | LOCATION TYPE: Rooftop bar | CAMERA MODEL: Canon EOS 5D Mark IV | CAMERA LENS: 100mm f/2.8 Macro | SPECIAL EFFECTS: Rooftop bar ambiance | TAGS: blood orange inferno, bold cocktail, daring vibes, intense blend | TIME_OF_DAY: Evening | INTERACTION: None | --ar 4:3"
3c4d5e6f-7a8b-9c0d-1a2b-3c4d5e6f7a8b,Sapphire Sting,"A captivating cocktail that combines gin, blue curaçao, and a touch of lavender syrup.","45 ml gin, 30 ml blue curaçao, 15 ml lavender syrup, Edible flower for garnish, Ice as needed","In a glass, combine gin, blue curaçao, and lavender syrup. Fill the glass with ice and stir gently to combine. Garnish with an edible flower. Surrender to the allure of the 'Sapphire Sting' cocktail.","/images/3c4d5e6f-7a8b-9c0d-1a2b-3c4d5e6f7a8b.jpg","summer","night",18,true,"IMAGE_TYPE: Drink photography | GENRE: Captivating Cocktail | EMOTION: Enchanting | SCENE: A scene of enchantment featuring the 'Sapphire Sting' cocktail. The drink marries the elegance of gin with the captivating blue hue of blue curaçao and the delicate essence of lavender syrup. The glass is garnished with an edible flower, enhancing its visual allure. The backdrop features a glamorous city skyline, creating an atmosphere of sophistication and allure. | ACTORS: None | LOCATION TYPE: City skyline | CAMERA MODEL: Canon EOS 5D Mark IV | CAMERA LENS: 100mm f/2.8 Macro | SPECIAL EFFECTS: City lights | TAGS: sapphire sting, captivating cocktail, cityscape allure, enchanting blend | TIME_OF_DAY: Nighttime | INTERACTION: None | --ar 4:3"
4d5e6f7a-8b9c-0d1a-2b3c-4d5e6f7a8b9c,Spiced Mule,"A zesty cocktail that combines spiced rum, ginger beer, and a squeeze of lime.","60 ml spiced rum, 120 ml ginger beer, 15 ml lime juice, Lime wedge and candied ginger for garnish, Ice as needed","In a glass, combine spiced rum and lime juice. Fill the glass with ice and top up with ginger beer. Stir gently to combine. Garnish with a lime wedge and candied ginger. Enjoy the zesty 'Spiced Mule' cocktail.","/images/4d5e6f7a-8b9c-0d1a-2b3c-4d5e6f7a8b9c.jpg","summer","evening",18,true,"IMAGE_TYPE: Drink photography | GENRE: Zesty Cocktail | EMOTION: Bold | SCENE: A scene of boldness featuring the 'Spiced Mule' cocktail. The drink fuses the spiciness of rum with the zesty kick of lime and the effervescence of ginger beer. The glass is garnished with a lime wedge and a piece of candied ginger, adding to its visual allure. The backdrop features a bustling bar, creating an ambiance of liveliness and enjoyment. | ACTORS: None | LOCATION TYPE: Bar | CAMERA MODEL: Canon EOS 5D Mark IV | CAMERA LENS: 100mm f/2.8 Macro | SPECIAL EFFECTS: Bustling bar atmosphere | TAGS: spiced mule, zesty cocktail, lively bar, bold blend | TIME_OF_DAY: Evening | INTERACTION: None | --ar 4:3"
5e6f7a8b-9c0d-1a2b-3c4d-5e6f7a8b9c0d,Golden Eclipse,"An opulent cocktail that combines gold-flaked vodka, elderflower liqueur, and a touch of honey.","45 ml gold-flaked vodka, 30 ml elderflower liqueur, 15 ml honey syrup, Edible gold leaf for garnish","In a glass, combine gold-flaked vodka, elderflower liqueur, and honey syrup. Stir gently to combine. Garnish with edible gold leaf. Indulge in the opulent allure of the 'Golden Eclipse' cocktail.","/images/5e6f7a8b-9c0d-1a2b-3c4d-5e6f7a8b9c0d.jpg","fall","night",18,true,"IMAGE_TYPE: Drink photography | GENRE: Opulent Cocktail | EMOTION: Luxurious | SCENE: A scene of opulence featuring the 'Golden Eclipse' cocktail. The drink marries the lavishness of gold-flaked vodka with the elegance of elderflower liqueur and the sweetness of honey syrup. The glass is garnished with edible gold leaf, adding to its visual allure. The backdrop features a glamorous casino setting, creating an atmosphere of indulgence and allure. | ACTORS: None | LOCATION TYPE: Casino | CAMERA MODEL: Canon EOS 5D Mark IV | CAMERA LENS: 100mm f/2.8 Macro | SPECIAL EFFECTS: Casino ambiance | TAGS: golden eclipse, opulent cocktail, glamorous casino, luxurious blend | TIME_OF_DAY: Nighttime | INTERACTION: None | --ar 4:3"
a7146193-4a85-48bc-9709-7d62e5162d48,Cyberpunk Nexus,"A futuristic cocktail that combines electric blue vodka, neon green melon liqueur, and a splash of energy drink.","45 ml electric blue vodka, 30 ml neon green melon liqueur, 60 ml energy drink, Glowstick for garnish, Ice as needed","In a shaker, combine electric blue vodka and neon green melon liqueur. Add ice and shake until well-chilled. Strain into a glass filled with ice. Top up with energy drink and stir gently. Garnish with a glowstick for an electrifying touch. Immerse yourself in the neon glow of the 'Cyberpunk Nexus' cocktail.","/images/a7146193-4a85-48bc-9709-7d62e5162d48.jpg","winter","night",18,true,"IMAGE_TYPE: Drink photography | GENRE: Futuristic Cocktail | EMOTION: Cyberpunk | SCENE: A scene of cyberpunk futurism featuring the 'Cyberpunk Nexus' cocktail. The drink harmonizes the electric blue vodka with the neon green melon liqueur, reminiscent of futuristic cityscapes. The glass is garnished with a glowstick, adding to its visual allure. The backdrop features a neon-lit street, creating an ambiance of cyberpunk excitement and innovation. | ACTORS: None | LOCATION TYPE: Neon-lit street | CAMERA MODEL: Canon EOS 5D Mark IV | CAMERA LENS: 100mm f/2.8 Macro | SPECIAL EFFECTS: Neon lights | TAGS: cyberpunk nexus, futuristic cocktail, neon-lit street, electrifying blend | TIME_OF_DAY: Nighttime | INTERACTION: None | --ar 4:3"
